<configuration>
    <!-- Console appender configuration -->
    <appender name="console" class="ch.qos.logback.core.ConsoleAppender">
        <encoder>
            <pattern>%d{yyyy-MM-dd HH:mm:ss} %-5p %c{1}:%L - %m%n</pattern>
        </encoder>
    </appender>

    <!-- Root logger configuration -->
    <root level="WARN">
        <appender-ref ref="console"/>
    </root>

    <!-- Kafka logger settings -->
    <logger name="org.apache.kafka" level="WARN"/>
    <logger name="kafka" level="WARN"/>
    <logger name="org.apache.zookeeper" level="WARN"/>
</configuration>
